test_price,total_gex
1.555,-61055984.95724891
1.56,-61879298.7004042
1.565,-62662611.118255265
1.57,-63429458.59104349
1.575,-64149195.32682282
1.58,-64812072.701045424
1.585,-65437223.06540889
1.59,-66046331.35513277
1.595,-66646961.615452975
1.6,-67209546.10155252
1.605,-67676740.38587241
1.61,-68024086.8290843
1.615,-68212822.23060483
1.62,-68264799.11199857
1.625,-68219944.39354207
1.63,-68119974.79625794
1.635,-67992904.54603292
1.64,-67834302.57231939
1.645,-67614992.674352
1.65,-67303789.53925447
1.655,-66884798.559277914
1.66,-66374950.72841872
1.665,-65805440.5041042
1.67,-65209859.59650622
1.675,-64608230.171006486
1.68,-63991090.53102717
1.685,-63334536.522081524
1.69,-62609976.27653692
1.695,-61808375.632242665
1.7,-60942178.04205623
1.705,-60036588.36232499
1.71,-59117794.016667545
1.715,-58196276.823784605
1.72,-57250612.59445885
1.725,-56236117.848965056
1.73,-55107868.77624805
1.735,-53853493.33932744
1.74,-52489644.02978855
1.745,-51047044.29984185
1.75,-49560262.67516495
1.755,-48054560.67046617
1.76,-46534930.392832205
1.765,-44988783.7614569
1.77,-43402269.043817505
1.775,-41772376.488570005
1.78,-40106760.30220475
1.785,-38423280.126851656
1.79,-36740365.92616545
1.795,-35065624.691364005
1.8,-33388292.149630826
1.805,-31683973.319369018
1.81,-29930682.11415404
1.815,-28120344.39516736
1.82,-26258754.533939403
1.825,-24361909.30134303
1.83,-22448582.630715176
1.835,-20538158.43990561
1.84,-18645265.22339443
1.845,-16779885.502063543
1.85,-14948157.88231464
1.855,-13153125.645346155
1.86,-11395513.941846706
1.865,-9674537.368076965
1.87,-7988455.516793147
1.875,-6334946.84543127
1.88,-4711986.495959628
1.885,-3118849.8855666313
1.89,-1554116.1549533848
1.895,-16453.383285153657
1.9,1495227.9434304275
1.905,2981666.7531376556
1.91,4443348.519537421
1.915,5880443.459505837
1.92,7292816.789684428
1.925,8680544.178031487
1.93,10043791.181101093
1.935,11384008.209639799
1.94,12703838.488521835
1.945,14005752.816519454
1.95,15292056.88491523
1.955,16564910.06684879
1.96,17826326.011718273
1.965,19078139.140811484
1.97,20321947.477080375
1.975,21558806.81997616
1.98,22788556.82207226
1.985,24010257.014516853
1.99,25223037.020416345
1.995,26426015.93969155
2.0,27618342.04922359
2.005,28799216.82335867
2.01,29967903.13027683
2.015,31123718.330097616
2.02,32266013.716041844
2.025,33394146.21237215
2.03,34507576.38644157
2.035,35605860.07950596
2.04,36688481.73915663
2.045,37754880.02063333
2.05,38804478.221614145
2.055,39836704.46330209
2.06,40851000.93929708
2.065,41846822.26967413
2.07,42823623.69135223
2.075,43780869.0888331
2.08,44717904.121097095
2.085,45633469.803485245
2.09,46525943.89830919
2.095,47393773.13149076
2.1,48235504.659126
2.105,49049825.901901364
2.11,49835582.11300267
2.115,50591784.27788868
2.12,51317611.6402206
2.125,52012532.00018257
2.13,52676542.27645131
2.135,53309803.23104575
2.14,53913407.77944938
2.145,54488379.31961053
2.15,55035602.374072365
2.155,55555981.86043458
2.16,56050279.587319106
2.165,56519207.77419749
2.17,56963464.957929045
2.175,57383746.17327113
2.18,57780661.17741545
2.185,58153888.32489803
2.19,58503460.966604486
2.195,58829482.86452448
2.2,59131530.94685913
2.205,59408965.72501586
2.21,59661145.01862532
2.215,59887637.12887024
2.22,60088126.35042645
2.225,60262410.93644617
2.23,60410733.69566898
2.235,60533081.67360532
2.24,60629758.829258464
2.245,60701620.29956658
2.25,60749448.94743114
